_id,srcValue,userSN,realTime,srcLatitude,srcLongitude,srcSpeed,srcRPM,srcAPS,srcTPS,srcRPS,srcMAF,srcFuelLevel,srcTorque,srcEngineLoad,srcFuelTrimB1S,srcFuelTrimB2S,srcIntakePress,srcEngineCoolantTemp,srcEngineOilTemp,srcFuelTrimB1L,srcFuelTrimB2L,srcAmbientAirTemp,srcAbsolutePress,srcHybridBatteryT,srcDPF,srcDPFTemp,srcIntakeAirTemp,srcEGT1,srcEGT2,srcUploadTime,srcBattery,srcGyroValue
1,23050405,0,20230504140115,0.0,0.0,0.0,0.0,14.509804,0.0,0.0,0.0,0.0,0.0,0.0,0.0,0.0,100.0,0.0,0.0,0.0,0.0,0.0,0.0,0.0,0.0,0.0,0.0,0.0,0.0,null,0.0,0.0
2,23050405,0,20230504140116,35.2936679,128.3472502,0.0,0.0,14.509804,0.0,0.0,0.0,0.0,0.0,0.0,0.0,0.0,100.0,0.0,0.0,0.0,0.0,0.0,0.0,0.0,0.0,0.0,49.0,0.0,0.0,null,0.0,-22.50237274169922
3,23050405,0,20230504140117,35.2936679,128.3472502,0.0,0.0,14.509804,17.647058,19660.0,0.0,67.05882,0.0,0.0,0.0,0.0,100.0,0.0,0.0,0.0,0.0,0.0,0.0,0.0,0.0,0.0,49.0,0.0,0.0,null,0.0,20.211217880249023
4,23050405,0,20230504140118,35.2936679,128.3472502,0.0,0.0,14.509804,17.647058,19660.0,0.0,67.05882,0.0,0.0,0.0,0.0,100.0,0.0,0.0,0.0,0.0,0.0,0.0,0.0,0.0,0.0,49.0,0.0,0.0,null,0.0,-44.92576599121094
5,23050405,0,20230504140119,35.2936679,128.3472502,0.0,0.0,14.509804,17.647058,19660.0,0.0,67.05882,350.0,0.0,0.0,0.0,100.0,0.0,0.0,0.0,0.0,0.0,0.0,0.0,0.0,0.0,49.0,0.0,0.0,null,0.0,-37.94197463989258
6,23050405,0,20230504140120,35.2936679,128.3472502,0.0,0.0,14.509804,17.647058,19660.0,0.0,67.05882,350.0,0.0,0.0,0.0,100.0,0.0,0.0,0.0,0.0,0.0,0.0,0.0,0.0,0.0,49.0,0.0,0.0,null,0.0,9.737443923950195
7,23050405,0,20230504140121,35.2936679,128.3472502,0.0,0.0,14.509804,17.647058,19640.0,0.0,67.05882,350.0,0.0,0.0,0.0,100.0,0.0,0.0,0.0,0.0,0.0,0.0,0.0,0.0,0.0,49.0,0.0,0.0,null,12.457,3.3206522464752197
8,23050405,0,20230504140122,35.2936679,128.3472502,0.0,0.0,14.509804,13.725491,19640.0,0.0,67.05882,350.0,0.0,0.0,0.0,100.0,0.0,0.0,0.0,0.0,0.0,0.0,0.0,0.0,0.0,49.0,0.0,0.0,null,12.457,0.2018032670021057
9,23050405,0,20230504140123,35.2936679,128.3472502,0.0,0.0,14.509804,13.725491,19640.0,0.0,67.05882,350.0,0.0,0.0,0.0,100.0,0.0,0.0,0.0,0.0,0.0,0.0,0.0,0.0,0.0,49.0,0.0,0.0,null,12.457,-17.27580451965332
