_id,srcValue,userSN,realTime,srcLatitude,srcLongitude,srcSpeed,srcRPM,srcAPS,srcTPS,srcRPS,srcMAF,srcFuelLevel,srcTorque,srcEngineLoad,srcFuelTrimB1S,srcFuelTrimB2S,srcIntakePress,srcEngineCoolantTemp,srcEngineOilTemp,srcFuelTrimB1L,srcFuelTrimB2L,srcAmbientAirTemp,srcAbsolutePress,srcHybridBatteryT,srcDPF,srcDPFTemp,srcIntakeAirTemp,srcEGT1,srcEGT2,srcUploadTime,srcBattery,srcGyroValue
1,23061801,0,20230618202239,0.0,0.0,11.0,893.0,14.90196,0.0,0.0,0.0,0.0,0.0,0.0,0.0,0.0,52.0,0.0,0.0,0.0,0.0,0.0,0.0,0.0,0.0,0.0,0.0,0.0,0.0,null,0.0,0.0
2,23061801,0,20230618202240,0.0,0.0,11.0,893.0,14.90196,18.039215,0.0,0.0,58.039215,0.0,26.27451,0.0,0.0,52.0,0.0,0.0,0.0,0.0,0.0,0.0,0.0,0.0,0.0,56.0,0.0,0.0,null,0.0,0.177561953663826
3,23061801,0,20230618202241,0.0,0.0,12.0,1033.0,14.90196,18.039215,0.0,4.34,58.039215,0.0,35.686275,0.0,0.0,66.0,0.0,0.0,0.0,0.0,0.0,0.0,0.0,0.0,0.0,56.0,0.0,0.0,null,0.0,0.13518404960632324
4,23061801,0,20230618202242,0.0,0.0,13.0,1032.0,14.90196,17.647058,0.0,4.74,58.039215,0.0,32.156864,0.0,0.0,57.0,0.0,0.0,0.0,0.0,0.0,0.0,0.0,0.0,0.0,56.0,0.0,0.0,null,0.0,0.2918047606945038
5,23061801,0,20230618202243,0.0,0.0,13.0,1038.0,14.90196,17.647058,0.0,4.41,58.039215,0.0,32.156864,0.0,0.0,55.0,0.0,0.0,0.0,0.0,0.0,0.0,0.0,0.0,0.0,56.0,0.0,0.0,null,14.07,0.22295372188091278
6,23061801,0,20230618202244,0.0,0.0,13.0,1038.0,14.90196,17.647058,0.0,4.12,58.039215,0.0,30.980392,0.0078125,0.0,55.0,0.0,0.0,0.0,0.0,0.0,0.0,0.0,0.0,0.0,56.0,0.0,0.0,null,14.07,-0.13980481028556824
7,23061801,0,20230618202245,0.0,0.0,13.0,1024.0,14.90196,17.254902,0.0,4.09,58.039215,0.0,29.80392,0.0078125,0.0,54.0,0.0,0.0,0.0,0.0,0.0,0.0,0.0,0.0,0.0,56.0,0.0,0.0,null,14.07,0.16616173088550568
8,23061801,0,20230618202246,0.0,0.0,11.0,978.0,14.90196,17.254902,0.0,4.09,58.039215,0.0,30.19608,0.0078125,0.0,56.0,0.0,0.0,0.0,0.0,0.0,0.0,0.0,0.0,0.0,56.0,0.0,0.0,null,14.07,0.4709540605545044
