_id,srcValue,userSN,realTime,srcLatitude,srcLongitude,srcSpeed,srcRPM,srcAPS,srcTPS,srcRPS,srcMAF,srcFuelLevel,srcTorque,srcEngineLoad,srcFuelTrimB1S,srcFuelTrimB2S,srcIntakePress,srcEngineCoolantTemp,srcEngineOilTemp,srcFuelTrimB1L,srcFuelTrimB2L,srcAmbientAirTemp,srcAbsolutePress,srcHybridBatteryT,srcDPF,srcDPFTemp,srcIntakeAirTemp,srcEGT1,srcEGT2,srcUploadTime,srcBattery,srcGyroValue
1,23063001,0,20230630094657,0.0,0.0,11.0,1676.0,21.568628,0.0,0.0,0.0,0.0,0.0,0.0,0.0,0.0,85.0,0.0,0.0,0.0,0.0,0.0,0.0,0.0,0.0,0.0,0.0,0.0,0.0,null,0.0,0.0
2,23063001,0,20230630094658,0.0,0.0,14.0,1676.0,21.568628,27.058823,0.0,0.0,21.17647,0.0,55.294117,0.0,0.0,85.0,0.0,0.0,0.0,0.0,0.0,0.0,0.0,0.0,0.0,24.0,0.0,0.0,null,0.0,0.16875261068344116
3,23063001,0,20230630094659,0.0,0.0,17.0,1662.0,22.745098,27.058823,0.0,13.8,21.17647,0.0,59.215687,0.0,0.0,88.0,0.0,0.0,0.0,0.0,0.0,0.0,0.0,0.0,0.0,24.0,0.0,0.0,null,0.0,-0.05133457109332085
4,23063001,0,20230630094700,0.0,0.0,20.0,1733.0,22.745098,27.450981,0.0,15.27,21.17647,0.0,65.882355,0.0,0.0,88.0,0.0,0.0,0.0,0.0,0.0,0.0,0.0,0.0,0.0,24.0,0.0,0.0,null,0.0,-0.2507816255092621
5,23063001,0,20230630094701,0.0,0.0,24.0,1733.0,21.960785,27.450981,0.0,17.96,21.17647,0.0,65.882355,0.0,0.0,88.0,0.0,0.0,0.0,0.0,0.0,0.0,0.0,0.0,0.0,24.0,0.0,0.0,null,14.274,0.4934919476509094
6,23063001,0,20230630094702,0.0,0.0,25.0,1806.0,21.960785,29.019608,0.0,17.96,21.17647,0.0,67.84314,0.0,0.0,87.0,0.0,0.0,0.0,0.0,0.0,0.0,0.0,0.0,0.0,24.0,0.0,0.0,null,14.274,0.6794521808624268
7,23063001,0,20230630094703,0.0,0.0,28.0,1505.0,21.17647,27.843138,0.0,17.35,21.17647,0.0,72.54902,0.0,0.0,88.0,0.0,0.0,0.0,0.0,0.0,0.0,0.0,0.0,0.0,24.0,0.0,0.0,null,14.274,1.2117292881011963
