_id,srcValue,userSN,realTime,srcLatitude,srcLongitude,srcSpeed,srcRPM,srcAPS,srcTPS,srcRPS,srcMAF,srcFuelLevel,srcTorque,srcEngineLoad,srcFuelTrimB1S,srcFuelTrimB2S,srcIntakePress,srcEngineCoolantTemp,srcEngineOilTemp,srcFuelTrimB1L,srcFuelTrimB2L,srcAmbientAirTemp,srcAbsolutePress,srcHybridBatteryT,srcDPF,srcDPFTemp,srcIntakeAirTemp,srcEGT1,srcEGT2,srcUploadTime,srcBattery,srcGyroValue
1,23080801,0,20230808211711,0.0,0.0,2.0,753.0,14.90196,0.0,0.0,0.0,0.0,0.0,0.0,0.0,0.0,87.0,0.0,0.0,0.0,0.0,0.0,0.0,0.0,0.0,0.0,0.0,0.0,0.0,null,0.0,0.0
2,23080801,0,20230808211712,0.0,0.0,3.0,753.0,14.90196,18.431372,0.0,0.0,29.019608,0.0,53.72549,0.0,0.0,87.0,0.0,0.0,0.0,0.0,0.0,0.0,0.0,0.0,0.0,57.0,0.0,0.0,null,0.0,0.006641476880759001
3,23080801,0,20230808211713,0.0,0.0,0.0,762.0,14.90196,18.431372,0.0,5.68,29.019608,0.0,51.764706,0.0,0.0,75.0,0.0,0.0,0.0,0.0,0.0,0.0,0.0,0.0,0.0,57.0,0.0,0.0,null,0.0,-0.10828088968992233
4,23080801,0,20230808211714,0.0,0.0,0.0,803.0,14.90196,21.568628,0.0,6.19,29.019608,0.0,52.54902,0.0,0.0,83.0,0.0,0.0,0.0,0.0,0.0,0.0,0.0,0.0,0.0,57.0,0.0,0.0,null,0.0,-0.17733657360076904
5,23080801,0,20230808211715,0.0,0.0,1.0,769.0,14.90196,21.568628,0.0,4.82,29.019608,0.0,52.54902,0.0,0.0,77.0,0.0,0.0,0.0,0.0,0.0,0.0,0.0,0.0,0.0,57.0,0.0,0.0,null,13.866,0.07055693864822388
6,23080801,0,20230808211716,0.0,0.0,0.0,769.0,14.90196,17.647058,0.0,4.78,29.019608,0.0,50.980392,0.0234375,0.0,77.0,0.0,0.0,0.0,0.0,0.0,0.0,0.0,0.0,0.0,57.0,0.0,0.0,null,13.866,0.4313321113586426
7,23080801,0,20230808211717,0.0,0.0,0.0,630.0,14.90196,16.862745,0.0,2.68,29.019608,0.0,50.588234,0.0234375,0.0,75.0,0.0,0.0,0.0,0.0,0.0,0.0,0.0,0.0,0.0,57.0,0.0,0.0,null,13.866,0.12164408713579178
