_id,srcValue,userSN,realTime,srcLatitude,srcLongitude,srcSpeed,srcRPM,srcAPS,srcTPS,srcRPS,srcMAF,srcFuelLevel,srcTorque,srcEngineLoad,srcFuelTrimB1S,srcFuelTrimB2S,srcIntakePress,srcEngineCoolantTemp,srcEngineOilTemp,srcFuelTrimB1L,srcFuelTrimB2L,srcAmbientAirTemp,srcAbsolutePress,srcHybridBatteryT,srcDPF,srcDPFTemp,srcIntakeAirTemp,srcEGT1,srcEGT2,srcUploadTime,srcBattery,srcGyroValue
1,23082103,0,20230821182306,0.0,0.0,0.0,875.0,14.90196,0.0,0.0,0.0,0.0,0.0,0.0,0.0,0.0,63.0,0.0,0.0,0.0,0.0,0.0,0.0,0.0,0.0,0.0,0.0,0.0,0.0,null,0.0,0.0
2,23082103,0,20230821182307,0.0,0.0,0.0,875.0,14.90196,17.647058,0.0,0.0,34.509804,0.0,40.0,0.0,0.0,63.0,0.0,0.0,0.0,0.0,0.0,0.0,0.0,0.0,0.0,42.0,0.0,0.0,null,0.0,0.0
3,23082103,0,20230821182308,0.0,0.0,0.0,858.0,14.90196,17.647058,0.0,4.73,34.509804,0.0,41.17647,0.0,0.0,62.0,0.0,0.0,0.0,0.0,0.0,0.0,0.0,0.0,0.0,42.0,0.0,0.0,null,0.0,0.0
4,23082103,0,20230821182309,0.0,0.0,0.0,857.0,14.90196,18.039215,0.0,5.08,34.509804,0.0,40.784313,0.0,0.0,64.0,0.0,0.0,0.0,0.0,0.0,0.0,0.0,0.0,0.0,42.0,0.0,0.0,null,13.968,0.0
5,23082103,0,20230821182310,0.0,0.0,0.0,875.0,14.90196,17.647058,0.0,4.74,34.509804,0.0,39.60784,0.0,0.0,61.0,0.0,0.0,0.0,0.0,0.0,0.0,0.0,0.0,0.0,42.0,0.0,0.0,null,13.968,0.0
6,23082103,0,20230821182311,0.0,0.0,0.0,856.0,14.90196,17.647058,0.0,4.67,34.509804,0.0,40.39216,0.0,0.0,61.0,0.0,0.0,0.0,0.0,0.0,0.0,0.0,0.0,0.0,42.0,0.0,0.0,null,13.968,0.0
