_id,srcValue,userSN,realTime,srcLatitude,srcLongitude,srcSpeed,srcRPM,srcAPS,srcTPS,srcRPS,srcMAF,srcFuelLevel,srcTorque,srcEngineLoad,srcFuelTrimB1S,srcFuelTrimB2S,srcIntakePress,srcEngineCoolantTemp,srcEngineOilTemp,srcFuelTrimB1L,srcFuelTrimB2L,srcAmbientAirTemp,srcAbsolutePress,srcHybridBatteryT,srcDPF,srcDPFTemp,srcIntakeAirTemp,srcEGT1,srcEGT2,srcUploadTime,srcBattery,srcGyroValue
1,23100701,0,20231007120332,0.0,0.0,21.0,1725.0,19.607843,0.0,0.0,0.0,0.0,0.0,0.0,0.0,0.0,65.0,0.0,0.0,0.0,0.0,0.0,0.0,0.0,0.0,0.0,0.0,0.0,0.0,null,0.0,0.14880432188510895
2,23100701,0,20231007120333,0.0,0.0,22.0,1725.0,19.607843,0.0,0.0,0.0,0.0,0.0,36.862743,0.0,0.0,65.0,0.0,0.0,0.0,0.0,0.0,0.0,0.0,0.0,0.0,15.0,0.0,0.0,null,0.0,0.018322085961699486
3,23100701,0,20231007120334,0.0,0.0,22.0,1725.0,19.607843,20.0,0.0,0.0,56.862743,0.0,36.862743,0.0,0.0,65.0,0.0,0.0,0.0,0.0,0.0,0.0,0.0,0.0,0.0,15.0,0.0,0.0,null,0.0,0.11369399726390839
4,23100701,0,20231007120335,0.0,0.0,23.0,1725.0,19.607843,20.0,0.0,9.53,56.862743,0.0,36.862743,0.0,0.0,65.0,0.0,0.0,0.0,0.0,0.0,0.0,0.0,0.0,0.0,15.0,0.0,0.0,null,0.0,0.12578052282333374
