_id,srcValue,userSN,realTime,srcLatitude,srcLongitude,srcSpeed,srcRPM,srcAPS,srcTPS,srcRPS,srcMAF,srcFuelLevel,srcTorque,srcEngineLoad,srcFuelTrimB1S,srcFuelTrimB2S,srcIntakePress,srcEngineCoolantTemp,srcEngineOilTemp,srcFuelTrimB1L,srcFuelTrimB2L,srcAmbientAirTemp,srcAbsolutePress,srcHybridBatteryT,srcDPF,srcDPFTemp,srcIntakeAirTemp,srcEGT1,srcEGT2,srcUploadTime,srcBattery,srcGyroValue
1,23102601,0,20231026190121,0.0,0.0,46.0,1525.0,17.647058,0.0,0.0,0.0,0.0,0.0,0.0,0.0,0.0,75.0,0.0,0.0,0.0,0.0,0.0,0.0,0.0,0.0,0.0,0.0,0.0,0.0,null,0.0,0.0
2,23102601,0,20231026190122,0.0,0.0,47.0,1525.0,17.647058,29.80392,0.0,0.0,29.80392,0.0,58.82353,0.0,0.0,75.0,0.0,0.0,0.0,0.0,0.0,0.0,0.0,0.0,0.0,24.0,0.0,0.0,null,0.0,0.12513367831707
3,23102601,0,20231026190123,0.0,0.0,47.0,1347.0,17.647058,29.80392,0.0,5.39,29.80392,0.0,28.235294,0.0,0.0,55.0,0.0,0.0,0.0,0.0,0.0,0.0,0.0,0.0,0.0,24.0,0.0,0.0,null,0.0,-0.23281604051589966
4,23102601,0,20231026190124,0.0,0.0,44.0,1246.0,14.90196,17.254902,0.0,4.0,29.80392,0.0,28.235294,0.0,0.0,40.0,0.0,0.0,0.0,0.0,0.0,0.0,0.0,0.0,0.0,24.0,0.0,0.0,null,0.0,0.06338612735271454
5,23102601,0,20231026190125,0.0,0.0,38.0,1246.0,14.90196,17.254902,0.0,4.21,29.80392,0.0,22.352942,0.0,0.0,40.0,0.0,0.0,0.0,0.0,0.0,0.0,0.0,0.0,0.0,24.0,0.0,0.0,null,14.172,-0.11998867243528366
6,23102601,0,20231026190126,0.0,0.0,29.0,1267.0,14.90196,17.254902,0.0,4.21,29.80392,0.0,23.921568,-0.0546875,0.0,42.0,0.0,0.0,0.0,0.0,0.0,0.0,0.0,0.0,0.0,24.0,0.0,0.0,null,14.172,-0.7109267115592957
