_id,srcValue,userSN,realTime,srcLatitude,srcLongitude,srcSpeed,srcRPM,srcAPS,srcTPS,srcRPS,srcMAF,srcFuelLevel,srcTorque,srcEngineLoad,srcFuelTrimB1S,srcFuelTrimB2S,srcIntakePress,srcEngineCoolantTemp,srcEngineOilTemp,srcFuelTrimB1L,srcFuelTrimB2L,srcAmbientAirTemp,srcAbsolutePress,srcHybridBatteryT,srcDPF,srcDPFTemp,srcIntakeAirTemp,srcEGT1,srcEGT2,srcUploadTime,srcBattery,srcGyroValue
1,23122004,0,20231220145016,0.0,0.0,0.0,798.0,14.90196,0.0,0.0,0.0,0.0,0.0,0.0,0.0,0.0,39.0,0.0,0.0,0.0,0.0,0.0,0.0,0.0,0.0,0.0,0.0,0.0,0.0,null,0.0,0.0
2,23122004,0,20231220145017,0.0,0.0,0.0,798.0,14.90196,16.470589,0.0,0.0,25.882353,0.0,19.215687,0.0,0.0,39.0,0.0,0.0,0.0,0.0,0.0,0.0,0.0,0.0,0.0,30.0,0.0,0.0,null,0.0,-1.6609580516815186
3,23122004,0,20231220145018,0.0,0.0,0.0,807.0,14.90196,16.470589,0.0,2.56,25.882353,0.0,19.215687,0.0,0.0,39.0,0.0,0.0,0.0,0.0,0.0,0.0,0.0,0.0,0.0,30.0,0.0,0.0,null,0.0,2.490102767944336
4,23122004,0,20231220145019,0.0,0.0,0.0,805.0,14.90196,16.470589,0.0,2.59,25.882353,0.0,19.215687,0.0,0.0,39.0,0.0,0.0,0.0,0.0,0.0,0.0,0.0,0.0,0.0,30.0,0.0,0.0,null,0.0,-2.596827507019043
5,23122004,0,20231220145020,0.0,0.0,0.0,802.0,14.90196,16.470589,0.0,2.53,25.882353,0.0,19.215687,0.0,0.0,39.0,0.0,0.0,0.0,0.0,0.0,0.0,0.0,0.0,0.0,30.0,0.0,0.0,null,14.376,2.690127372741699
6,23122004,0,20231220145021,0.0,0.0,0.0,802.0,14.90196,16.470589,0.0,2.55,25.882353,0.0,19.607843,0.0546875,0.0,39.0,0.0,0.0,0.0,0.0,0.0,0.0,0.0,0.0,0.0,30.0,0.0,0.0,null,14.376,0.49117910861968994
7,23122004,0,20231220145022,0.0,0.0,0.0,813.0,14.90196,16.470589,0.0,2.57,25.882353,0.0,19.607843,0.0546875,0.0,39.0,0.0,0.0,0.0,0.0,0.0,0.0,0.0,0.0,0.0,30.0,0.0,0.0,null,14.376,-1.1078708171844482
8,23122004,0,20231220145023,0.0,0.0,0.0,813.0,14.90196,16.470589,0.0,2.57,25.882353,0.0,19.607843,0.0546875,0.0,40.0,0.0,0.0,0.0,0.0,0.0,0.0,0.0,0.0,0.0,30.0,0.0,0.0,null,14.376,0.7700866460800171
9,23122004,0,20231220145024,0.0,0.0,0.0,798.0,14.90196,16.470589,0.0,2.57,25.882353,0.0,19.607843,0.0546875,0.0,40.0,0.0,0.0,0.0,0.0,0.0,0.0,0.0,0.0,0.0,30.0,0.0,0.0,null,14.376,-0.7222898006439209
