_id,srcValue,userSN,realTime,srcLatitude,srcLongitude,srcSpeed,srcRPM,srcAPS,srcTPS,srcRPS,srcMAF,srcFuelLevel,srcTorque,srcEngineLoad,srcFuelTrimB1S,srcFuelTrimB2S,srcIntakePress,srcEngineCoolantTemp,srcEngineOilTemp,srcFuelTrimB1L,srcFuelTrimB2L,srcAmbientAirTemp,srcAbsolutePress,srcHybridBatteryT,srcDPF,srcDPFTemp,srcIntakeAirTemp,srcEGT1,srcEGT2,srcUploadTime,srcBattery,srcGyroValue
1,21022201,0,20210222203638,0.0,0.0,0.0,638.0,14.90196,15.294118,0.0,0.0,0.0,0.0,0.0,0.0,0.0,41.0,0.0,0.0,0.0,0.0,0.0,0.0,0.0,0.0,0.0,0.0,0.0,0.0,null,0.0,0.0
2,21022201,0,20210222203639,0.0,0.0,0.0,638.0,14.90196,15.294118,0.0,0.0,59.215687,0.0,17.254902,0.0,0.0,41.0,0.0,0.0,0.0,0.0,0.0,0.0,0.0,0.0,0.0,19.0,0.0,0.0,null,0.0,-0.9635439515113831
3,21022201,0,20210222203640,0.0,0.0,0.0,644.0,14.90196,15.294118,0.0,1.96,59.215687,0.0,17.647058,0.0,0.0,41.0,87.0,0.0,0.0,0.0,0.0,0.0,0.0,0.0,0.0,19.0,0.0,0.0,null,0.0,1.5195752382278442
4,21022201,0,20210222203641,0.0,0.0,0.0,639.0,14.90196,15.294118,0.0,1.96,59.215687,0.0,17.254902,0.0,0.0,41.0,87.0,0.0,0.0,0.0,0.0,0.0,0.0,0.0,0.0,19.0,0.0,0.0,null,14.274,-0.3906846046447754
5,21022201,0,20210222203642,0.0,0.0,0.0,639.0,14.90196,15.294118,0.0,1.94,59.215687,0.0,17.647058,0.0,0.0,41.0,87.0,0.0,0.0,0.0,0.0,0.0,0.0,0.0,0.0,19.0,0.0,0.0,null,14.274,0.3504459261894226
6,21022201,0,20210222203643,0.0,0.0,0.0,647.0,14.90196,15.294118,0.0,1.96,59.215687,0.0,17.647058,0.0,0.0,41.0,87.0,0.0,0.0,0.0,0.0,0.0,0.0,0.0,0.0,19.0,0.0,0.0,null,14.274,0.5667332410812378
7,21022201,0,20210222203644,0.0,0.0,0.0,642.0,14.90196,15.294118,0.0,1.96,59.215687,0.0,17.647058,0.0,0.0,41.0,87.0,0.0,0.125,0.0,0.0,0.0,0.0,0.0,0.0,19.0,0.0,0.0,null,14.274,-0.04898960888385773
8,21022201,0,20210222203645,0.0,0.0,0.0,647.0,14.90196,15.294118,0.0,1.97,59.215687,0.0,17.254902,0.0,0.0,41.0,87.0,0.0,0.125,0.0,0.0,0.0,0.0,0.0,0.0,19.0,0.0,0.0,null,14.274,0.6055672764778137
9,21022201,0,20210222203646,0.0,0.0,0.0,641.0,14.90196,15.294118,0.0,1.95,59.215687,0.0,17.254902,0.0,0.0,41.0,87.0,0.0,0.125,0.0,0.0,0.0,0.0,0.0,0.0,19.0,0.0,0.0,null,14.274,0.4434656500816345
