_id,srcValue,userSN,realTime,srcLatitude,srcLongitude,srcSpeed,srcRPM,srcAPS,srcTPS,srcRPS,srcMAF,srcFuelLevel,srcTorque,srcEngineLoad,srcFuelTrimB1S,srcFuelTrimB2S,srcIntakePress,srcEngineCoolantTemp,srcEngineOilTemp,srcFuelTrimB1L,srcFuelTrimB2L,srcAmbientAirTemp,srcAbsolutePress,srcHybridBatteryT,srcDPF,srcDPFTemp,srcIntakeAirTemp,srcEGT1,srcEGT2,srcUploadTime,srcBattery,srcGyroValue
1,21022202,0,20210222204346,0.0,0.0,0.0,645.0,14.90196,15.294118,0.0,0.0,0.0,0.0,0.0,0.0,0.0,40.0,0.0,0.0,0.0,0.0,0.0,0.0,0.0,0.0,0.0,0.0,0.0,0.0,null,0.0,0.0
2,21022202,0,20210222204347,0.0,0.0,0.0,645.0,14.90196,15.294118,0.0,0.0,58.431374,0.0,16.078432,0.0,0.0,40.0,0.0,0.0,0.0,0.0,0.0,0.0,0.0,0.0,0.0,24.0,0.0,0.0,null,0.0,1.5658698081970215
3,21022202,0,20210222204348,0.0,0.0,0.0,643.0,14.90196,15.294118,0.0,1.8,58.431374,0.0,16.470589,0.0,0.0,40.0,89.0,0.0,0.0,0.0,0.0,0.0,0.0,0.0,0.0,24.0,0.0,0.0,null,0.0,-1.2546520233154297
4,21022202,0,20210222204349,0.0,0.0,0.0,638.0,14.90196,15.294118,0.0,1.81,58.431374,0.0,16.078432,0.0,0.0,40.0,89.0,0.0,0.0,0.0,0.0,0.0,0.0,0.0,0.0,24.0,0.0,0.0,null,14.376,-0.7366397380828857
5,21022202,0,20210222204346,0.0,0.0,0.0,645.0,14.90196,15.294118,0.0,0.0,0.0,0.0,0.0,0.0,0.0,40.0,0.0,0.0,0.0,0.0,0.0,0.0,0.0,0.0,0.0,0.0,0.0,0.0,null,0.0,0.0
6,21022202,0,20210222204347,0.0,0.0,0.0,645.0,14.90196,15.294118,0.0,0.0,58.431374,0.0,16.078432,0.0,0.0,40.0,0.0,0.0,0.0,0.0,0.0,0.0,0.0,0.0,0.0,24.0,0.0,0.0,null,0.0,1.5658698081970215
7,21022202,0,20210222204348,0.0,0.0,0.0,643.0,14.90196,15.294118,0.0,1.8,58.431374,0.0,16.470589,0.0,0.0,40.0,89.0,0.0,0.0,0.0,0.0,0.0,0.0,0.0,0.0,24.0,0.0,0.0,null,0.0,-1.2546520233154297
8,21022202,0,20210222204349,0.0,0.0,0.0,638.0,14.90196,15.294118,0.0,1.81,58.431374,0.0,16.078432,0.0,0.0,40.0,89.0,0.0,0.0,0.0,0.0,0.0,0.0,0.0,0.0,24.0,0.0,0.0,null,14.376,-0.7366397380828857
