_id,srcValue,userSN,realTime,srcLatitude,srcLongitude,srcSpeed,srcRPM,srcAPS,srcTPS,srcRPS,srcMAF,srcFuelLevel,srcTorque,srcEngineLoad,srcFuelTrimB1S,srcFuelTrimB2S,srcIntakePress,srcEngineCoolantTemp,srcEngineOilTemp,srcFuelTrimB1L,srcFuelTrimB2L,srcAmbientAirTemp,srcAbsolutePress,srcHybridBatteryT,srcDPF,srcDPFTemp,srcIntakeAirTemp,srcEGT1,srcEGT2,srcUploadTime,srcBattery,srcGyroValue
1,22120301,0,20221203195044,0.0,0.0,0.0,652.0,14.90196,0.0,0.0,0.0,0.0,0.0,0.0,0.0,0.0,38.0,0.0,0.0,0.0,0.0,0.0,0.0,0.0,0.0,0.0,0.0,0.0,0.0,null,0.0,0.09074923396110535
2,22120301,0,20221203195045,37.3756262,126.8537783,0.0,652.0,14.90196,16.862745,0.0,0.0,0.0,0.0,38.039215,0.0,0.0,38.0,0.0,0.0,0.0,0.0,0.0,0.0,0.0,0.0,0.0,27.0,0.0,0.0,null,0.0,3.1033902168273926
3,22120301,0,20221203195046,37.3756263,126.8537785,0.0,652.0,14.90196,16.862745,0.0,0.0,0.0,0.0,38.039215,0.0,0.0,38.0,0.0,0.0,0.0,0.0,0.0,0.0,0.0,0.0,0.0,27.0,0.0,0.0,null,0.0,3.345416307449341
4,22120301,0,20221203195047,37.3756267,126.8537789,0.0,648.0,14.90196,16.862745,0.0,0.0,0.0,0.0,38.039215,0.0,0.0,38.0,0.0,0.0,0.0,0.0,0.0,0.0,0.0,0.0,0.0,27.0,0.0,0.0,null,0.0,1.353804349899292
5,22120301,0,20221203195048,37.3756269,126.853779,0.0,650.0,14.90196,16.862745,0.0,0.0,0.0,0.0,38.039215,0.0,0.0,38.0,0.0,0.0,0.0,0.0,0.0,0.0,0.0,0.0,0.0,27.0,0.0,0.0,null,0.0,-0.1438286155462265
6,22120301,0,20221203195049,37.3756271,126.8537793,0.0,650.0,14.90196,16.862745,0.0,0.0,0.0,0.0,38.039215,0.0,0.0,38.0,0.0,0.0,0.0,0.0,0.0,0.0,0.0,0.0,0.0,27.0,0.0,0.0,null,14.274,-0.11607837677001953
7,22120301,0,20221203195050,37.3756278,126.8537794,0.0,650.0,14.90196,16.862745,0.0,0.0,0.0,0.0,38.039215,0.0,0.0,38.0,0.0,0.0,0.0,0.0,0.0,0.0,0.0,0.0,0.0,27.0,0.0,0.0,null,14.274,2.8977556228637695
8,22120301,0,20221203195051,37.3756281,126.8537799,0.0,650.0,14.90196,16.862745,0.0,0.0,0.0,0.0,38.039215,0.0,0.0,38.0,0.0,0.0,0.0,0.0,0.0,0.0,0.0,0.0,0.0,27.0,0.0,0.0,null,14.274,-1.5935856103897095
9,22120301,0,20221203195052,37.3756282,126.8537798,0.0,653.0,14.90196,16.862745,0.0,0.0,0.0,0.0,37.64706,0.0,0.0,38.0,0.0,0.0,0.0,0.0,0.0,0.0,0.0,0.0,0.0,27.0,0.0,0.0,null,14.274,1.1556624174118042
