_id,srcValue,userSN,realTime,srcLatitude,srcLongitude,srcSpeed,srcRPM,srcAPS,srcTPS,srcRPS,srcMAF,srcFuelLevel,srcTorque,srcEngineLoad,srcFuelTrimB1S,srcFuelTrimB2S,srcIntakePress,srcEngineCoolantTemp,srcEngineOilTemp,srcFuelTrimB1L,srcFuelTrimB2L,srcAmbientAirTemp,srcAbsolutePress,srcHybridBatteryT,srcDPF,srcDPFTemp,srcIntakeAirTemp,srcEGT1,srcEGT2,srcUploadTime,srcBattery,srcGyroValue
1,22031609,0,20220316162501,0.0,0.0,0.0,647.0,14.90196,0.0,0.0,0.0,0.0,0.0,0.0,0.0,0.0,33.0,0.0,0.0,0.0,0.0,0.0,0.0,0.0,0.0,0.0,0.0,0.0,0.0,null,0.0,0.0
2,22031609,0,20220316162502,0.0,0.0,0.0,647.0,14.90196,16.078432,0.0,0.0,0.0,0.0,33.333332,0.0,0.0,33.0,0.0,0.0,0.0,0.0,0.0,0.0,0.0,0.0,0.0,41.0,0.0,0.0,null,0.0,7.965371608734131
3,22031609,0,20220316162503,0.0,0.0,0.0,647.0,14.90196,16.078432,0.0,0.0,0.0,0.0,33.333332,0.0,0.0,33.0,0.0,0.0,0.0,0.0,0.0,0.0,0.0,0.0,0.0,41.0,0.0,0.0,null,0.0,-5.077877998352051
4,22031609,0,20220316162504,0.0,0.0,0.0,652.0,14.90196,16.078432,0.0,0.0,0.0,0.0,32.941177,0.0,0.0,33.0,0.0,0.0,0.0,0.0,0.0,0.0,0.0,0.0,0.0,42.0,0.0,0.0,null,0.0,-0.009084440767765045
5,22031609,0,20220316162505,0.0,0.0,0.0,652.0,14.90196,16.078432,0.0,0.0,0.0,0.0,32.941177,0.0,0.0,33.0,0.0,0.0,0.0,0.0,0.0,0.0,0.0,0.0,0.0,42.0,0.0,0.0,null,0.0,3.148059129714966
6,22031609,0,20220316162506,0.0,0.0,0.0,652.0,14.90196,16.078432,0.0,0.0,0.0,0.0,32.941177,0.0,0.0,33.0,0.0,0.0,0.0,0.0,0.0,0.0,0.0,0.0,0.0,42.0,0.0,0.0,null,14.274,-3.1652891635894775
7,22031609,0,20220316162507,0.0,0.0,0.0,314.0,14.90196,16.078432,0.0,0.0,0.0,0.0,0.0,0.0,0.0,28.0,0.0,0.0,0.0,0.0,0.0,0.0,0.0,0.0,0.0,42.0,0.0,0.0,null,14.274,26.5114688873291
8,22031609,0,20220316162508,0.0,0.0,0.0,0.0,14.90196,11.372549,0.0,0.0,0.0,0.0,0.0,0.0,0.0,45.0,0.0,0.0,0.0,0.0,0.0,0.0,0.0,0.0,0.0,42.0,0.0,0.0,null,14.274,2.0766541957855225
