_id,srcValue,userSN,realTime,srcLatitude,srcLongitude,srcSpeed,srcRPM,srcAPS,srcTPS,srcRPS,srcMAF,srcFuelLevel,srcTorque,srcEngineLoad,srcFuelTrimB1S,srcFuelTrimB2S,srcIntakePress,srcEngineCoolantTemp,srcEngineOilTemp,srcFuelTrimB1L,srcFuelTrimB2L,srcAmbientAirTemp,srcAbsolutePress,srcHybridBatteryT,srcDPF,srcDPFTemp,srcIntakeAirTemp,srcEGT1,srcEGT2,srcUploadTime,srcBattery,srcGyroValue
1,22110802,0,20221108192455,0.0,0.0,0.0,647.0,14.90196,14.117647,0.0,0.0,0.0,0.0,33.333332,0.0,0.0,33.0,95.0,0.0,0.0390625,0.0,22.0,99.0,0.0,0.0,0.0,55.0,0.0,0.0,null,12.541,0.08284333348274231
2,22110802,0,20221108192456,0.0,0.0,0.0,647.0,14.90196,14.117647,0.0,0.0,0.0,0.0,33.333332,0.0,0.0,33.0,95.0,0.0,0.0390625,0.0,22.0,99.0,0.0,0.0,0.0,55.0,0.0,0.0,null,12.541,0.0
3,22110802,0,20221108192457,0.0,0.0,0.0,647.0,14.90196,14.117647,0.0,0.0,0.0,0.0,33.333332,0.0,0.0,33.0,95.0,0.0,0.0390625,0.0,22.0,99.0,0.0,0.0,0.0,55.0,0.0,0.0,null,12.541,-9.751775741577148
4,22110802,0,20221108192458,0.0,0.0,0.0,647.0,14.90196,14.117647,0.0,0.0,0.0,0.0,33.333332,0.0,0.0,33.0,95.0,0.0,0.0390625,0.0,22.0,99.0,0.0,0.0,0.0,55.0,0.0,0.0,null,12.541,-3.9441311359405518
5,22110802,0,20221108192459,0.0,0.0,0.0,647.0,14.90196,14.117647,0.0,0.0,0.0,0.0,33.333332,0.0,0.0,33.0,95.0,0.0,0.0390625,0.0,22.0,99.0,0.0,0.0,0.0,55.0,0.0,0.0,null,12.541,-4.258549690246582
6,22110802,0,20221108192500,0.0,0.0,0.0,647.0,14.90196,14.117647,0.0,0.0,0.0,0.0,33.333332,0.0,0.0,33.0,95.0,0.0,0.0390625,0.0,22.0,99.0,0.0,0.0,0.0,55.0,0.0,0.0,null,12.541,0.03083585388958454
7,22110802,0,20221108192501,0.0,0.0,0.0,647.0,14.90196,14.117647,0.0,0.0,0.0,0.0,33.333332,0.0,0.0,33.0,95.0,0.0,0.0390625,0.0,22.0,99.0,0.0,0.0,0.0,55.0,0.0,0.0,null,12.541,2.9032886028289795
8,22110802,0,20221108192502,0.0,0.0,0.0,647.0,14.90196,14.117647,0.0,0.0,0.0,0.0,33.333332,0.0,0.0,33.0,95.0,0.0,0.0390625,0.0,22.0,99.0,0.0,0.0,0.0,55.0,0.0,0.0,null,12.541,-0.9240341782569885
9,22110802,0,20221108192503,0.0,0.0,0.0,647.0,14.90196,14.117647,0.0,0.0,0.0,0.0,33.333332,0.0,0.0,33.0,95.0,0.0,0.0390625,0.0,22.0,99.0,0.0,0.0,0.0,55.0,0.0,0.0,null,12.541,-0.7649286389350891
