_id,srcValue,userSN,realTime,srcLatitude,srcLongitude,srcSpeed,srcRPM,srcAPS,srcTPS,srcRPS,srcMAF,srcFuelLevel,srcTorque,srcEngineLoad,srcFuelTrimB1S,srcFuelTrimB2S,srcIntakePress,srcEngineCoolantTemp,srcEngineOilTemp,srcFuelTrimB1L,srcFuelTrimB2L,srcAmbientAirTemp,srcAbsolutePress,srcHybridBatteryT,srcDPF,srcDPFTemp,srcIntakeAirTemp,srcEGT1,srcEGT2,srcUploadTime,srcBattery,srcGyroValue
1,23051201,0,20230512072057,0.0,0.0,0.0,917.0,14.90196,0.0,0.0,0.0,0.0,0.0,0.0,0.0,0.0,46.0,0.0,0.0,0.0,0.0,0.0,0.0,0.0,0.0,0.0,0.0,0.0,0.0,null,0.0,0.0
2,23051201,0,20230512072058,36.4354842,127.3830657,0.0,917.0,14.90196,16.862745,0.0,0.0,45.882355,0.0,41.568626,0.0,0.0,46.0,0.0,0.0,0.0,0.0,0.0,0.0,0.0,0.0,0.0,23.0,0.0,0.0,null,0.0,-0.09804107993841171
3,23051201,0,20230512072059,36.4354842,127.3830657,0.0,968.0,14.90196,16.862745,0.0,5.72,45.882355,0.0,41.568626,0.0,0.0,43.0,0.0,0.0,0.0,0.0,0.0,0.0,0.0,0.0,0.0,23.0,0.0,0.0,null,0.0,-1.4947725534439087
4,23051201,0,20230512072100,36.4354842,127.3830657,0.0,1100.0,14.90196,16.078432,0.0,4.5,45.882355,0.0,19.215687,0.0,0.0,32.0,0.0,0.0,0.0,0.0,0.0,0.0,0.0,0.0,0.0,23.0,0.0,0.0,null,0.0,1.5679391622543335
5,23051201,0,20230512072101,36.4354842,127.3830657,0.0,0.0,14.90196,16.078432,0.0,0.63,45.882355,0.0,19.215687,0.0,0.0,27.0,0.0,0.0,0.0,0.0,0.0,0.0,0.0,0.0,0.0,23.0,0.0,0.0,null,12.847,0.01761821284890175
