_id,srcValue,userSN,realTime,srcLatitude,srcLongitude,srcSpeed,srcRPM,srcAPS,srcTPS,srcRPS,srcMAF,srcFuelLevel,srcTorque,srcEngineLoad,srcFuelTrimB1S,srcFuelTrimB2S,srcIntakePress,srcEngineCoolantTemp,srcEngineOilTemp,srcFuelTrimB1L,srcFuelTrimB2L,srcAmbientAirTemp,srcAbsolutePress,srcHybridBatteryT,srcDPF,srcDPFTemp,srcIntakeAirTemp,srcEGT1,srcEGT2,srcUploadTime,srcBattery,srcGyroValue
1,23112902,0,20231129230843,0.0,0.0,0.0,1026.0,14.90196,0.0,0.0,0.0,0.0,0.0,0.0,0.0,0.0,29.0,0.0,0.0,0.0,0.0,0.0,0.0,0.0,0.0,0.0,0.0,0.0,0.0,null,0.0,0.0
2,23112902,0,20231129230844,0.0,0.0,0.0,1026.0,14.90196,16.078432,0.0,0.0,26.27451,0.0,26.666666,0.0,0.0,29.0,0.0,0.0,0.0,0.0,0.0,0.0,0.0,0.0,0.0,12.0,0.0,0.0,null,0.0,-0.16700726747512817
3,23112902,0,20231129230845,0.0,0.0,0.0,1018.0,14.509804,16.078432,0.0,4.6,26.27451,0.0,27.058823,0.0,0.0,29.0,0.0,0.0,0.0,0.0,0.0,0.0,0.0,0.0,0.0,12.0,0.0,0.0,null,0.0,-2.295970916748047
4,23112902,0,20231129230846,0.0,0.0,0.0,1028.0,14.509804,16.078432,0.0,4.5,26.27451,0.0,26.27451,0.0,0.0,29.0,0.0,0.0,0.0,0.0,0.0,0.0,0.0,0.0,0.0,12.0,0.0,0.0,null,0.0,-1.6311581134796143
