_id,srcValue,userSN,realTime,srcLatitude,srcLongitude,srcSpeed,srcRPM,srcAPS,srcTPS,srcRPS,srcMAF,srcFuelLevel,srcTorque,srcEngineLoad,srcFuelTrimB1S,srcFuelTrimB2S,srcIntakePress,srcEngineCoolantTemp,srcEngineOilTemp,srcFuelTrimB1L,srcFuelTrimB2L,srcAmbientAirTemp,srcAbsolutePress,srcHybridBatteryT,srcDPF,srcDPFTemp,srcIntakeAirTemp,srcEGT1,srcEGT2,srcUploadTime,srcBattery,srcGyroValue
1,20051003,0,20200510192521,0.0,0.0,0.0,697.0,14.509804,15.686275,0.0,0.0,0.0,0.0,0.0,0.0,0.0,43.0,0.0,0.0,0.0,0.0,0.0,0.0,0.0,0.0,0.0,0.0,0.0,0.0,null,0.0,0.0
2,20051003,0,20200510192522,0.0,0.0,0.0,635.0,14.509804,15.294118,0.0,0.0,0.0,0.0,43.52941,0.0,0.0,42.0,0.0,0.0,0.0,0.0,0.0,0.0,0.0,0.0,0.0,47.0,0.0,0.0,null,0.0,-0.10820307582616806
3,20051003,0,20200510192523,0.0,0.0,0.0,649.0,14.509804,15.294118,0.0,0.0,0.0,0.0,43.92157,0.0,0.0,42.0,93.0,0.0,0.0,0.0,0.0,0.0,0.0,0.0,0.0,47.0,0.0,0.0,null,0.0,-0.023197663947939873
4,20051003,0,20200510192524,0.0,0.0,0.0,638.0,14.509804,15.294118,0.0,0.0,0.0,0.0,43.137257,0.0,0.0,41.0,93.0,0.0,0.0,0.0,0.0,0.0,0.0,0.0,0.0,47.0,0.0,0.0,null,14.274,-0.04525470733642578
5,20051003,0,20200510192525,0.0,0.0,0.0,655.0,14.509804,15.294118,0.0,0.0,0.0,0.0,42.7451,-0.0078125,0.0,41.0,93.0,0.0,0.0,0.0,0.0,0.0,0.0,0.0,0.0,47.0,0.0,0.0,null,14.274,0.05650481581687927
6,20051003,0,20200510192526,0.0,0.0,0.0,347.0,14.509804,10.980392,0.0,0.0,0.0,0.0,41.960785,-0.0078125,0.0,32.0,93.0,0.0,0.0,0.0,0.0,0.0,0.0,0.0,0.0,47.0,0.0,0.0,null,14.274,0.09070121496915817
7,20051003,0,20200510192527,0.0,0.0,0.0,0.0,14.509804,10.980392,0.0,0.0,0.0,0.0,0.0,-0.0078125,0.0,54.0,93.0,0.0,0.0,0.0,0.0,0.0,0.0,0.0,0.0,47.0,0.0,0.0,null,14.274,0.06714131683111191
