_id,srcValue,userSN,realTime,srcLatitude,srcLongitude,srcSpeed,srcRPM,srcAPS,srcTPS,srcRPS,srcMAF,srcFuelLevel,srcTorque,srcEngineLoad,srcFuelTrimB1S,srcFuelTrimB2S,srcIntakePress,srcEngineCoolantTemp,srcEngineOilTemp,srcFuelTrimB1L,srcFuelTrimB2L,srcAmbientAirTemp,srcAbsolutePress,srcHybridBatteryT,srcDPF,srcDPFTemp,srcIntakeAirTemp,srcEGT1,srcEGT2,srcUploadTime,srcBattery,srcGyroValue
1,21121202,0,20211212150756,0.0,0.0,0.0,647.0,14.509804,0.0,0.0,0.0,0.0,0.0,0.0,0.0,0.0,31.0,0.0,0.0,0.0,0.0,0.0,0.0,0.0,0.0,0.0,0.0,0.0,0.0,null,0.0,0.0
2,21121202,0,20211212152029,35.8363605,128.718539,0.0,657.5,14.509804,13.725491,8100.0,0.0,78.82353,0.0,25.09804,0.0,0.0,37.0,106.0,0.0,-0.0078125,0.0,11.0,0.0,0.0,0.0,0.0,28.0,0.0,0.0,null,14.199,0.0
3,21121202,0,20211212152030,35.8363605,128.718539,0.0,657.5,14.509804,13.725491,8100.0,0.0,78.82353,0.0,25.09804,0.0,0.0,37.0,106.0,0.0,-0.0078125,0.0,11.0,0.0,0.0,0.0,0.0,28.0,0.0,0.0,null,14.199,-0.0030625448562204838
4,21121202,0,20211212152031,35.8363605,128.718539,0.0,657.5,14.509804,13.725491,8100.0,0.0,78.82353,0.0,25.09804,0.0,0.0,37.0,106.0,0.0,-0.0078125,0.0,11.0,0.0,0.0,0.0,0.0,28.0,0.0,0.0,null,14.199,-0.037592075765132904
