_id,srcValue,userSN,realTime,srcLatitude,srcLongitude,srcSpeed,srcRPM,srcAPS,srcTPS,srcRPS,srcMAF,srcFuelLevel,srcTorque,srcEngineLoad,srcFuelTrimB1S,srcFuelTrimB2S,srcIntakePress,srcEngineCoolantTemp,srcEngineOilTemp,srcFuelTrimB1L,srcFuelTrimB2L,srcAmbientAirTemp,srcAbsolutePress,srcHybridBatteryT,srcDPF,srcDPFTemp,srcIntakeAirTemp,srcEGT1,srcEGT2,srcUploadTime,srcBattery,srcGyroValue
1,21121302,0,20211213150255,0.0,0.0,0.0,1214.5,14.509804,0.0,0.0,0.0,0.0,0.0,0.0,0.0,0.0,33.0,0.0,0.0,0.0,0.0,0.0,0.0,0.0,0.0,0.0,0.0,0.0,0.0,null,0.0,0.0
2,21121302,0,20211213150256,0.0,0.0,0.0,1214.5,14.509804,16.470589,6780.0,0.0,65.882355,0.0,25.09804,0.0,0.0,33.0,0.0,0.0,0.0,0.0,0.0,0.0,0.0,0.0,0.0,5.0,0.0,0.0,null,0.0,0.048192840069532394
3,21121302,0,20211213150257,0.0,0.0,0.0,1202.25,14.509804,16.470589,6780.0,0.0,65.882355,0.0,25.09804,0.0,0.0,33.0,0.0,0.0,0.0,0.0,0.0,0.0,0.0,0.0,0.0,5.0,0.0,0.0,null,0.0,4.035696029663086
4,21121302,0,20211213150258,0.0,0.0,0.0,1203.75,14.509804,16.470589,6780.0,0.0,65.882355,0.0,25.09804,0.0,0.0,34.0,0.0,0.0,0.0,0.0,0.0,0.0,0.0,0.0,0.0,5.0,0.0,0.0,null,0.0,-1.001433253288269
5,21121302,0,20211213151627,0.0,0.0,0.0,1203.75,14.509804,16.470589,6890.0,0.0,65.882355,0.0,20.0,0.0,0.0,29.0,62.0,0.0,0.0,0.0,0.0,0.0,0.0,0.0,0.0,5.0,0.0,0.0,null,14.042,3.360616683959961
6,21121302,0,20211213151628,0.0,0.0,0.0,784.0,14.509804,16.470589,6890.0,0.0,65.882355,0.0,20.0,0.0,0.0,29.0,62.0,0.0,0.0,0.0,0.0,0.0,0.0,0.0,0.0,5.0,0.0,0.0,null,14.042,0.37175437808036804
7,21121302,0,20211213151629,0.0,0.0,0.0,784.0,14.509804,14.117647,6880.0,0.0,65.882355,0.0,20.0,-0.0234375,0.0,29.0,62.0,0.0,0.0,0.0,0.0,0.0,0.0,0.0,0.0,10.0,0.0,0.0,null,14.042,9.326799392700195
8,21121302,0,20211213151630,0.0,0.0,0.0,37.75,14.509804,14.117647,6880.0,0.0,65.882355,0.0,0.0,-0.0234375,0.0,37.0,62.0,0.0,0.0,0.0,0.0,0.0,0.0,0.0,0.0,11.0,0.0,0.0,null,14.042,1.4022388458251953
