_id,srcValue,userSN,realTime,srcLatitude,srcLongitude,srcSpeed,srcRPM,srcAPS,srcTPS,srcRPS,srcMAF,srcFuelLevel,srcTorque,srcEngineLoad,srcFuelTrimB1S,srcFuelTrimB2S,srcIntakePress,srcEngineCoolantTemp,srcEngineOilTemp,srcFuelTrimB1L,srcFuelTrimB2L,srcAmbientAirTemp,srcAbsolutePress,srcHybridBatteryT,srcDPF,srcDPFTemp,srcIntakeAirTemp,srcEGT1,srcEGT2,srcUploadTime,srcBattery,srcGyroValue
1,21122701,0,20211227172302,0.0,0.0,82.0,1760.0,15.686275,0.0,0.0,0.0,0.0,0.0,0.0,0.0,0.0,30.0,0.0,0.0,0.0,0.0,0.0,0.0,0.0,0.0,0.0,0.0,0.0,0.0,null,0.0,0.0
2,21122701,0,20211227172303,36.1456352,129.084913,82.0,1760.0,15.686275,19.215687,6300.0,0.0,39.60784,0.0,25.490196,0.0,0.0,30.0,0.0,0.0,0.0,0.0,0.0,0.0,0.0,0.0,0.0,2.0,0.0,0.0,null,0.0,-2.004770517349243
3,21122701,0,20211227172304,36.1454932,129.0850449,83.0,1778.75,25.490196,19.607843,6300.0,0.0,39.60784,0.0,40.784313,0.0,0.0,62.0,0.0,0.0,0.0,0.0,0.0,0.0,0.0,0.0,0.0,3.0,0.0,0.0,null,0.0,-0.8747798800468445
4,21122701,0,20211227175204,35.9924045,128.8591742,83.0,1778.75,25.490196,19.607843,6300.0,0.0,39.60784,0.0,100.0,0.0,0.0,62.0,0.0,0.0,0.0,0.0,0.0,0.0,0.0,0.0,0.0,3.0,0.0,0.0,null,0.0,-0.6108323931694031
5,21122701,0,20211227175205,35.9924045,128.8591742,83.0,1778.75,25.490196,19.607843,6300.0,0.0,39.60784,0.0,100.0,0.0,0.0,62.0,0.0,0.0,0.0,0.0,0.0,0.0,0.0,0.0,0.0,3.0,0.0,0.0,null,0.0,-0.014895656146109104
6,21122701,0,20211227175455,35.9924045,128.8591742,80.0,2250.5,43.92157,0.0,0.0,0.0,0.0,0.0,0.0,0.0,0.0,97.0,0.0,0.0,0.0,0.0,0.0,0.0,0.0,0.0,0.0,0.0,0.0,0.0,null,0.0,0.0
7,21122701,0,20211227182608,35.8403364,128.6987339,81.0,2250.5,43.92157,38.431374,0.0,0.0,0.0,0.0,19.215687,0.0,0.0,97.0,0.0,0.0,0.0,0.0,0.0,0.0,0.0,0.0,0.0,7.0,0.0,0.0,null,0.0,-0.18912971019744873
8,21122701,0,20211227182609,35.8403331,128.6987415,81.0,2250.5,43.92157,38.431374,0.0,0.0,0.0,0.0,19.215687,0.0,0.0,97.0,0.0,0.0,0.0,0.0,0.0,0.0,0.0,0.0,0.0,7.0,0.0,0.0,null,0.0,0.0
