_id,srcValue,userSN,realTime,srcLatitude,srcLongitude,srcSpeed,srcRPM,srcAPS,srcTPS,srcRPS,srcMAF,srcFuelLevel,srcTorque,srcEngineLoad,srcFuelTrimB1S,srcFuelTrimB2S,srcIntakePress,srcEngineCoolantTemp,srcEngineOilTemp,srcFuelTrimB1L,srcFuelTrimB2L,srcAmbientAirTemp,srcAbsolutePress,srcHybridBatteryT,srcDPF,srcDPFTemp,srcIntakeAirTemp,srcEGT1,srcEGT2,srcUploadTime,srcBattery,srcGyroValue
1,23091001,0,20230910153105,0.0,0.0,0.0,1119.0,14.509804,0.0,0.0,0.0,0.0,0.0,0.0,0.0,0.0,32.0,0.0,0.0,0.0,0.0,0.0,0.0,0.0,0.0,0.0,0.0,0.0,0.0,null,0.0,0.0
2,23091001,0,20230910153106,0.0,0.0,0.0,1119.0,14.509804,14.509804,0.0,5.52,55.294117,0.0,29.019608,0.0,0.0,32.0,0.0,0.0,0.0,0.0,0.0,0.0,0.0,0.0,0.0,28.0,0.0,0.0,null,0.0,-0.039418235421180725
3,23091001,0,20230910153109,0.0,0.0,0.0,1092.0,14.509804,14.509804,0.0,5.52,55.294117,0.0,29.411764,0.0,0.0,32.0,0.0,0.0,0.0,0.0,0.0,0.0,0.0,0.0,0.0,28.0,0.0,0.0,null,0.0,-0.3145180642604828
4,23091001,0,20230910153109,0.0,0.0,0.0,1092.0,14.509804,14.509804,0.0,5.52,55.294117,0.0,29.411764,0.0,0.0,32.0,0.0,0.0,0.0,0.0,0.0,0.0,0.0,0.0,0.0,28.0,0.0,0.0,null,0.0,-0.0051350900903344154
5,23091001,0,20230910153109,0.0,0.0,0.0,1052.0,14.509804,14.509804,0.0,5.09,55.294117,0.0,28.235294,0.0,0.0,31.0,0.0,0.0,0.0,0.0,0.0,0.0,0.0,0.0,0.0,28.0,0.0,0.0,null,0.0,-0.051636043936014175
6,23091001,0,20230910153110,0.0,0.0,0.0,1052.0,14.509804,14.509804,0.0,4.96,55.294117,0.0,28.235294,0.0,0.0,31.0,0.0,0.0,0.0,0.0,0.0,0.0,0.0,0.0,0.0,28.0,0.0,0.0,null,14.172,-0.022188972681760788
7,23091001,0,20230910153111,0.0,0.0,0.0,1030.0,14.509804,14.117647,0.0,4.73,55.294117,0.0,28.62745,-0.03125,0.0,31.0,0.0,0.0,0.0,0.0,0.0,0.0,0.0,0.0,0.0,28.0,0.0,0.0,null,14.172,-0.036430295556783676
8,23091001,0,20230910153112,0.0,0.0,0.0,999.0,14.509804,14.117647,0.0,4.91,55.294117,0.0,28.235294,-0.03125,0.0,31.0,0.0,0.0,0.0,0.0,0.0,0.0,0.0,0.0,0.0,28.0,0.0,0.0,null,14.172,-0.0190131813287735
9,23091001,0,20230910153113,0.0,0.0,0.0,986.0,14.509804,14.117647,0.0,4.91,55.294117,0.0,27.058823,-0.03125,0.0,30.0,0.0,0.0,0.0,0.0,0.0,0.0,0.0,0.0,0.0,28.0,0.0,0.0,null,14.172,0.0006590976263396442
